id,Date,ClaimNumber
1,5/13/2022,01HFX5H3E6T9Z2HTC5S1MGF9RR
2,12/11/2022,01HFX5H3E6PQXFM30PJC0TR8KE
3,7/25/2022,01HFX5H3E7J801TFRVWHP4WJCB
4,11/24/2021,01HFX5H3E7MMCTF64A2193X32K
5,4/26/2022,01HFX5H3E7FRA7J4W9H37FWDSG
6,4/24/2023,01HFX5H3E75RMZA0N3GJZ33N60
7,8/10/2021,01HFX5H3E8SEKCFKMTAE30N62H
8,10/31/2022,01HFX5H3E801Q1TCJ9S172SJ40
9,2/10/2023,01HFX5H3E8X5N3M93HHF440BM6
10,8/3/2021,01HFX5H3E92Z5K1SQ24YPT0NRN
11,9/13/2021,01HFX5H3E9GTVGK9WDM0KE445C
12,8/20/2021,01HFX5H3E9NRB10RE8E3KJC169
13,12/15/2022,01HFX5H3E9RY6GG4JFPJN7NQPG
14,8/28/2021,01HFX5H3EAWZD2AC5CR091XVXK
15,6/9/2021,01HFX5H3EA15KD5VZA0X42DNDA
16,8/18/2022,01HFX5H3EADFE23DM7Y6R0051M
17,1/3/2023,01HFX5H3EA5W4Y4FMVRAFYV2S3
18,12/29/2021,01HFX5H3EBSMDE7RB1VMJ9YFH0
19,5/5/2023,01HFX5H3EB3GAC30HNQE7XBHCT
20,2/11/2023,01HFX5H3EB1FFE131N4AT559P5
21,10/10/2021,01HFX5H3EBC5H484Y5RYKZ3C14
22,10/24/2023,01HFX5H3ECJP9KTR2F17YZ1JM8
23,8/3/2021,01HFX5H3ECA13B46FT9T2K72Q9
24,8/23/2023,01HFX5H3EC0235923CB1F6PD3D
25,4/1/2022,01HFX5H3EC2ZZYA5PTZE3RTAV1
26,1/6/2023,01HFX5H3EDYRSBNJGCCP22T8EM
27,9/2/2022,01HFX5H3ED575X5SBWPSMJ2T10
28,9/11/2023,01HFX5H3EDA41ZGC69S9B5AMWT
29,5/14/2021,01HFX5H3EDZFP9XJ53AHW097XS
30,4/7/2022,01HFX5H3EE8013YT216GT5815P
31,1/11/2023,01HFX5H3EE7YPJP3ZGYH1JFVJ4
32,6/5/2023,01HFX5H3EEENK5GVDCY614PPB7
33,8/1/2021,01HFX5H3EEGJFW3NWPPK5E28WQ
34,10/16/2021,01HFX5H3EFM62W25QEPAFHTYG5
35,10/18/2023,01HFX5H3EF2FD7FSNK0FBBW5H3
36,2/13/2022,01HFX5H3EFAZ66GZYJ1GP89ZBD
37,7/21/2023,01HFX5H3EFK8XDJSCGZEEDQ01Z
38,8/5/2022,01HFX5H3EGCYDPN8F7XCR35KD2
39,6/26/2023,01HFX5H3EG1DW67XEFEERVT8T6
40,10/11/2023,01HFX5H3EGM33FXPA47T3455ND
41,10/9/2021,01HFX5H3EH5XN50BP3YMZ3QZ8Y
42,1/31/2022,01HFX5H3EHDCM4Q2RVZWWE9THR
43,12/15/2021,01HFX5H3EHDQWDGCWTBK4Y8S6X
44,7/14/2023,01HFX5H3EJ40GTPX63PSE2EM2B
45,7/9/2021,01HFX5H3EJBH5H5KFQ4WC7BP9W
46,12/10/2021,01HFX5H3EJEYSZQ089AFFDNNP2
47,2/15/2022,01HFX5H3EJ9Q7QS6K3TGGAT5VF
48,12/5/2021,01HFX5H3EK14DRQYP1AKQ81SBK
49,10/8/2022,01HFX5H3EKRR6ZS0CTZ1G71NQ1
50,2/27/2023,01HFX5H3EKFNKNX0P3Z2HFAGN5
51,10/15/2022,01HFX5H3EKFC8V056RANS400QX
52,6/10/2023,01HFX5H3EMVH7CZXTGE4VRMBZY
53,7/9/2023,01HFX5H3EMG5VBH3C63ZVA7PNP
54,3/17/2023,01HFX5H3EMZS1XSTDDGY1KF54F
55,12/4/2021,01HFX5H3EMJKR5SZEXH2NJV2Q3
56,8/16/2023,01HFX5H3EMDV91YVXRQ2GNQJG7
57,1/3/2022,01HFX5H3ENMV6D4M18WKSS8C7M
58,5/29/2023,01HFX5H3ENG33SB6S7VKVD9J4Z
59,4/23/2022,01HFX5H3ENDS63HEE7S2ZAXWD7
60,3/15/2022,01HFX5H3EP632NHS9RZNJZ17ND
61,11/11/2021,01HFX5H3EPKY6Y12RT3RHZHD0N
62,3/3/2022,01HFX5H3EPAH3WP86BRTN1FMYC
63,8/11/2021,01HFX5H3EPX96MYV18QDZJHJ7A
64,2/23/2023,01HFX5H3EQDCEQF4W38ZADZS2R
65,12/17/2021,01HFX5H3EQSF5R4FYQB07M6Y0F
66,5/8/2021,01HFX5H3EQ28NXYXQGWNNC104M
67,6/7/2023,01HFX5H3EQTVBH29ZWD1W2BT3V
68,10/5/2022,01HFX5H3EQWXMBVRZY3T4GBDF7
69,8/16/2021,01HFX5H3ERRZK8JDRPVA613ZR7
70,4/4/2022,01HFX5H3ERFHRPYGMY4GCNMFXK
71,8/12/2022,01HFX5H3ER8NVA7H2T1PY1CRCD
72,4/15/2023,01HFX5H3ER08SD2H5BEX2QRT5Z
73,9/1/2023,01HFX5H3ESKF1MEXRR9ZNFB6Q8
74,3/19/2023,01HFX5H3ES4W8V042CJXQWAK3Y
75,6/14/2023,01HFX5H3ESYJJX7NHMVRJ4H3SP
76,3/8/2023,01HFX5H3ESKYTGP3BRDC73VSH7
77,9/18/2023,01HFX5H3ETR2D4M7F14KAXS3GM
78,3/11/2022,01HFX5H3ETKMQ81CEPMHMYQ54F
79,10/11/2023,01HFX5H3ETRVJ3PMT7603VJH16
80,4/21/2023,01HFX5H3ET7QCSXM0SMG1C6253
81,10/11/2022,01HFX5H3ET9NHZ8TRYW4FKYBF4
82,2/18/2022,01HFX5H3EV16C7YQJ0R9T122R6
83,8/6/2021,01HFX5H3EVBSZK571SMB4D96NF
84,8/25/2022,01HFX5H3EVADTV476DRHDJZF9T
85,10/14/2022,01HFX5H3EVF7GS6M85JCDD7AXT
86,7/30/2023,01HFX5H3EWQ4B9QYADHF3FED3Y
87,6/19/2021,01HFX5H3EW74NKKPN7JMX6M1CS
88,7/18/2023,01HFX5H3EWBXP085P9JMH3W8D2
89,11/25/2021,01HFX5H3EWH3THRQTA31P8RZ7W
90,2/22/2022,01HFX5H3EXVATQQK2GYBYHRXZZ
91,9/9/2022,01HFX5H3EX95A8Q7RAX3MH0K79
92,2/25/2022,01HFX5H3EXYP6W0RGSN4Q93EDK
93,9/21/2023,01HFX5H3EX9EF6N2RN4K95BEWV
94,6/5/2023,01HFX5H3EX5FSSNPHWVN01S88K
95,6/20/2023,01HFX5H3EY61QGFJNW7N834J4M
96,9/4/2022,01HFX5H3EY19YBDPKPYHCF65GD
97,10/10/2023,01HFX5H3EYBD5PZPPPQD1TTSW0
98,8/29/2022,01HFX5H3EYC8M2V79PT0FJ65WA
99,9/7/2023,01HFX5H3EYD2G67RFMQ57B0V0Y
100,10/10/2022,01HFX5H3EZ3RA6D4XFSYM7SCCZ
101,8/6/2023,01HFX5H3EZ8MHS3GDKRYB59G8F
102,7/27/2023,01HFX5H3EZCART0QBBV3Z236PB
103,6/30/2022,01HFX5H3EZBE1WZE5C77E84C4X
104,11/14/2021,01HFX5H3F082KR89KGCJPAT2T8
105,4/27/2023,01HFX5H3F02MJ5Y7B5YT2KQHAY
106,2/14/2022,01HFX5H3F042M2AKKPXJDNDQ8D
107,8/27/2021,01HFX5H3F0S6BC28TMXVRCA1YE
108,5/31/2022,01HFX5H3F1KDX30PC0WX7G4NS9
109,5/11/2021,01HFX5H3F1QM2XJ8YFXE45WAX0
110,7/1/2022,01HFX5H3F1PB560CV9TA4V87DP
111,2/12/2022,01HFX5H3F1C2EFCP1X0CAJHH49
112,9/25/2023,01HFX5H3F2STRG32PVQ0KHSBD6
113,12/3/2021,01HFX5H3F2DMS3KHFQ9PC0XHTV
114,7/23/2023,01HFX5H3F2DAKKEET272FYJ4Y5
115,8/20/2022,01HFX5H3F25RZNJ63XV28T6QXC
116,10/14/2022,01HFX5H3F35HM9AD4QA8H20057
117,1/19/2023,01HFX5H3F3AKB6QEZ6B4MN0DQ8
118,8/14/2021,01HFX5H3F39B0ECQWF67JST87V
119,1/23/2023,01HFX5H3F3XTKB2VCZ13KS9NW2
120,9/5/2023,01HFX5H3F3FH2E4FRND3H80EKR
121,11/6/2021,01HFX5H3F44A9NYNZ33Q382VZD
122,5/27/2021,01HFX5H3F4WJHWY0JFFQC99R8R
123,6/16/2021,01HFX5H3F41PYB0B89AMAAKGZ2
124,10/27/2022,01HFX5H3F4V04Y9K6SRBAS3Z8Q
125,9/19/2021,01HFX5H3F5BQ4EB74TRY4MD7M7
126,3/21/2022,01HFX5H3F5MJ3D8TA8WACGMAKD
127,10/10/2022,01HFX5H3F57809TNJXQAX86ACF
128,7/19/2021,01HFX5H3F5W7AVDQQKZG2EPK6F
129,7/10/2021,01HFX5H3F50J2EZDMTWS2WQ0MK
130,11/13/2021,01HFX5H3F62BJDZM7NZQH96CMH
131,3/27/2022,01HFX5H3F688RXH95G4PQTQ7PR
132,4/9/2023,01HFX5H3F6TA0XV7WBGE86MTH1
133,9/9/2021,01HFX5H3F6PJ2VT4TRCRE8VVW8
134,9/6/2022,01HFX5H3F7X6ASATQT74QNRBR6
135,10/15/2023,01HFX5H3F7NRZ9GCTDD8JJA211
136,5/29/2023,01HFX5H3F7YENH0NN3P3BWVMBY
137,5/3/2023,01HFX5H3F7B989JFG3YR7PQYQ6
138,8/7/2021,01HFX5H3F8S7D601R5GJ4R0YXF
139,9/1/2022,01HFX5H3F8SGD7V8YTX6ZGMKSB
140,7/13/2023,01HFX5H3F8ES03QXZ1YM1ZV2S6
141,11/30/2022,01HFX5H3F8N7Q78DH0GFPE83MY
142,1/15/2022,01HFX5H3F954NYYXK574C1ME05
143,8/29/2022,01HFX5H3F9B6JQQNW91HHHBMJ2
144,7/27/2021,01HFX5H3F9VMV4JC2MFG8VSD06
145,10/24/2023,01HFX5H3FASYBP4ESWNYTYSKJV
146,6/30/2023,01HFX5H3FAT8BQS264NE7DFVY0
147,4/9/2022,01HFX5H3FADWT6AGFCGKEEYWHF
148,8/29/2021,01HFX5H3FAM56HMA4H5XS3V700
149,4/6/2022,01HFX5H3FB9H1S1AZ3ZBRVFRSD
150,1/10/2022,01HFX5H3FBARSDZYV0GP0BCWRG
151,2/9/2022,01HFX5H3FB68P43S09QJP25B76
152,5/27/2022,01HFX5H3FB1K4EPRQ1N316VQBY
153,11/25/2021,01HFX5H3FB33WBM450BPEPSDN2
154,9/30/2023,01HFX5H3FCBE41M84ZJWZ1JGJD
155,10/10/2022,01HFX5H3FCC6YJJ2A9YD9P57NG
156,8/1/2023,01HFX5H3FCWZ8W2QYJQF6YKKTP
157,3/26/2022,01HFX5H3FCH6AAG6RXHXC9H7PH
158,12/7/2021,01HFX5H3FDCSKDA3KEGA0MKHNA
159,10/10/2023,01HFX5H3FDNG87Y8DQ4PXHH09G
160,5/23/2022,01HFX5H3FDJT9RZY1QR7XGXA3J
161,9/19/2022,01HFX5H3FEK1JGBR1S697VVMF3
162,2/24/2022,01HFX5H3FEXVA7PYQTQP8AYW3X
163,7/23/2022,01HFX5H3FEGB68QYVSMB1MVVWQ
164,7/30/2023,01HFX5H3FEMNG26H58JHQCSF77
165,12/12/2022,01HFX5H3FE7H0ZYS423S971HHT
166,9/22/2022,01HFX5H3FF43HN6EDQA227PN5X
167,5/19/2022,01HFX5H3FF562A34V59MJR3HHW
168,7/27/2022,01HFX5H3FF6S8Z73SYMRMEDJFB
169,6/28/2021,01HFX5H3FFJKT5HRKW04N0E7SN
170,5/4/2022,01HFX5H3FGXZQ840MQ49FA6EK3
171,11/16/2022,01HFX5H3FG4WEX7DP41WFW5KTQ
172,7/28/2021,01HFX5H3FGSNFMEJ4QK6TXACNY
173,7/22/2023,01HFX5H3FG8J5DPRYX5BXVEXGF
174,7/3/2023,01HFX5H3FG5RJ96Y8CHTQ24GRM
175,3/1/2022,01HFX5H3FH2V0EMGKDY5V11PG5
176,7/31/2023,01HFX5H3FHKA1CY6T6YM0YTV7G
177,1/1/2023,01HFX5H3FHC1PDK197DBHW4E8T
178,7/25/2023,01HFX5H3FHC3W5XHFMX6EQ7DCQ
179,10/26/2023,01HFX5H3FJMK5ZWGQK727V9ABM
180,7/12/2021,01HFX5H3FJ094AZRKR5ZPG9CRZ
181,12/10/2022,01HFX5H3FJGVDAQT47FMRCAQMS
182,6/20/2022,01HFX5H3FJBXZKZVM861GQCE0P
183,10/11/2021,01HFX5H3FKVE1M0TSG2J683CBA
184,7/20/2023,01HFX5H3FKZHCK3TSCBKAF0SW9
185,6/5/2021,01HFX5H3FKX19Y6JPX0J3DXCR0
186,9/9/2021,01HFX5H3FK98DESY9S29WPNDWW
187,7/23/2021,01HFX5H3FK5SRGRPGHP387X561
188,7/28/2023,01HFX5H3FM4MRDKTSGSM3P968P
189,7/8/2022,01HFX5H3FMWACFZB0B2ZMZ5ZX7
190,12/3/2021,01HFX5H3FMJ79XWENJC3EEZFEE
191,12/4/2022,01HFX5H3FM19WFPJV6F9HHHZ85
192,9/24/2022,01HFX5H3FNYDS4KBYFPJKWW642
193,6/8/2023,01HFX5H3FNK6W4BRD15803KSVW
194,12/31/2022,01HFX5H3FNMGHKK7BRG57MNNDK
195,9/27/2022,01HFX5H3FN4AEM56MSNZ9KR5SA
196,5/19/2022,01HFX5H3FNW7HRQTFX69WEZHZM
197,9/7/2023,01HFX5H3FPHGQKFT17NGTN1N8H
198,4/29/2022,01HFX5H3FPB3EHYH7H8XZ90WFT
199,10/22/2023,01HFX5H3FP5CZBYYN8N3ZXJ8V1
200,10/2/2023,01HFX5H3FP740VTMFSYNAW5VAF
201,7/30/2021,01HFX5H3FQJGEHT97N1B814GG9
202,10/5/2022,01HFX5H3FQ3CE6EANQS1N9Z0HS
203,4/2/2023,01HFX5H3FQVHRBTHG4EADVY76V
204,7/16/2023,01HFX5H3FQ40RFQ45VXA2D10F7
205,5/10/2021,01HFX5H3FRTS9MC81HXKEYY8JQ
206,10/28/2021,01HFX5H3FR0B7BE2DYRPHFHE4A
207,1/23/2022,01HFX5H3FRQQYGNVN0E5R6KHJP
208,10/16/2021,01HFX5H3FSSCGWHFAX50Q8Q3JS
209,12/28/2021,01HFX5H3FSRTJJX0PPH40916XQ
210,7/4/2022,01HFX5H3FSTH083MN1ZVQPT7F5
211,3/26/2022,01HFX5H3FSCJ845HDDCF9SY9DM
212,11/15/2022,01HFX5H3FTQDDJSTC8RPA0H3SQ
213,12/26/2022,01HFX5H3FTQDJNHK6KDB7CF82T
214,12/17/2021,01HFX5H3FT89XFHA614R111ATV
215,7/21/2021,01HFX5H3FVXEXNBC8ET0A5TPV4
216,1/7/2023,01HFX5H3FVGJZ2MKGT17GJ8351
217,9/23/2023,01HFX5H3FVA3XV4EXN92KDFKMF
218,10/10/2022,01HFX5H3FWBGB2BKENHCX4P5G3
219,1/2/2023,01HFX5H3FWQBH52FEVWHEANNZQ
220,11/11/2023,01HFX5H3FW99JFR3332SX23JH3
221,5/20/2023,01HFX5H3FW7V2RP4MGCX0FHJFB
222,10/10/2022,01HFX5H3FXXWMNK8F8JJ9S8ZC2
223,10/24/2023,01HFX5H3FX5C40WT5GCCC9YSGG
224,2/15/2022,01HFX5H3FYJA1640DQ5G5M8Z8F
225,8/5/2022,01HFX5H3FYB8YDK0HGXHBG2AEY
226,7/29/2022,01HFX5H3FYQBY0YHCPSX57HZXG
227,1/12/2022,01HFX5H3FYTZB0P5PEGFT862WE
228,9/9/2021,01HFX5H3FZBJ34SV533PBF4JK6
229,6/11/2023,01HFX5H3FZ0VTH4333HTR1VMC2
230,5/9/2022,01HFX5H3FZY3J8RT7N6DSZJXAW
231,8/17/2022,01HFX5H3FZ45VGW63RTVKBXJTE
232,8/29/2022,01HFX5H3G057RR7B55YKYEW5D8
233,10/23/2022,01HFX5H3G01M1KXN6T48V9FMY0
234,10/7/2022,01HFX5H3G0S2MG0KC823KSFPAP
235,12/16/2022,01HFX5H3G0M5SK5F4WCPGMYV65
236,7/16/2023,01HFX5H3G04AQXA27FJ0YX3Y66
237,5/4/2021,01HFX5H3G1WE3V9ZXZVX1W7AWR
238,11/24/2022,01HFX5H3G1DQXMTYTKQ0D9CEEP
239,9/30/2021,01HFX5H3G170VWQ5ACTV1DH496
240,8/31/2023,01HFX5H3G1P09QDY74ZY5CVPM9
241,5/25/2022,01HFX5H3G20ZCK0JSY0WME7F8A
242,4/8/2023,01HFX5H3G2EH5V5940NB7SP33B
243,7/8/2022,01HFX5H3G2QTYCPARHD7N3W4VC
244,3/31/2023,01HFX5H3G2N86SFM4VFEH16Z1N
245,11/18/2021,01HFX5H3G2TPZ7CCRQFMY5JETC
246,11/13/2022,01HFX5H3G3P2RBGCV41KQX8Z1G
247,11/1/2022,01HFX5H3G323T5ZAZZCEGYZCJ4
248,9/2/2023,01HFX5H3G3NP689T0Q4Q0Y1B97
249,9/22/2021,01HFX5H3G3DRSGSVXM21CNTWFB
250,8/30/2021,01HFX5H3G4GB2R2Z2Z8F43BFPR
251,9/20/2023,01HFX5H3G4EXMCEAC85N0PQXZM
252,1/27/2022,01HFX5H3G49R2JHMR3CFKXMH8A
253,7/25/2023,01HFX5H3G4AASMD3VJ1KYXZ47B
254,12/9/2021,01HFX5H3G5WM9SYV5N00CPRMK4
255,6/30/2023,01HFX5H3G5SAJJ5Y1THQ02XM0N
256,6/19/2022,01HFX5H3G567JQSQ396J4V9RH1
257,1/4/2023,01HFX5H3G5F5JXGC4JBPA3G2PY
258,9/7/2021,01HFX5H3G545CJ2WS50SPFRGK5
259,2/4/2022,01HFX5H3G6BTH58K8V9EC1W9ZY
260,10/16/2022,01HFX5H3G6XX1HW4Z8Y7MVG08E
261,9/9/2021,01HFX5H3G6G6N837GTWBMAHQ29
262,3/26/2022,01HFX5H3G6SZH3FZECM1WE1N2S
263,10/11/2021,01HFX5H3G6VBRKDGX32A3TBHHQ
264,1/1/2022,01HFX5H3G7WX366BXF6KEE8AB4
265,2/2/2023,01HFX5H3G76W7JN7K2MQRVCE5C
266,11/22/2021,01HFX5H3G7QAPD1J2E1EW8JC0H
267,9/22/2023,01HFX5H3G7Z1X3MF7411XAN6P7
268,7/27/2021,01HFX5H3G8JXEBTA8MS22XRFEG
269,6/27/2023,01HFX5H3G87R7NZRATCGCBTZSV
270,9/12/2022,01HFX5H3G8WT88PHKJN3CTYKG5
271,11/17/2021,01HFX5H3G8M1EK7CKRX1434937
272,5/7/2023,01HFX5H3G94MEEBF8G0A8WS1BE
273,8/20/2021,01HFX5H3G9JE978TSEGCEWMJEZ
274,2/15/2023,01HFX5H3G91AC38TGP2ET3P5MQ
275,1/24/2022,01HFX5H3G9WQTJRG62TCHFGNZ5
276,7/16/2021,01HFX5H3G9F5KKN26A5YA13GYX
277,2/11/2023,01HFX5H3GAE19FGKPD3MZSSNY1
278,5/6/2021,01HFX5H3GAK3QJ8XAH8E956ZBK
279,3/15/2023,01HFX5H3GAWEY092DV8EFWP3PD
280,6/27/2021,01HFX5H3GA50W190AB9E3TEZW6
281,10/26/2022,01HFX5H3GABDESBRBV6DMN6Y77
282,8/23/2023,01HFX5H3GBZA7EFNXH7CTFPY5J
283,7/18/2021,01HFX5H3GBFYSS3JF7CGAP1ED2
284,4/15/2023,01HFX5H3GB4Z83TBVGS6WC8816
285,10/18/2022,01HFX5H3GBZ61AGFY96101ES53
286,3/24/2023,01HFX5H3GCC8JEGVE16ENDEDQF
287,10/30/2021,01HFX5H3GCFYARNQMETNB2F2AM
288,8/22/2021,01HFX5H3GC9K21E7MRQ6DVJJ38
289,6/4/2021,01HFX5H3GC3F984V5AFZRM8HP8
290,9/23/2021,01HFX5H3GCJ726ECXGPXVWQFJW
291,12/23/2022,01HFX5H3GD0CM1N3YBXK93HFW1
292,2/21/2022,01HFX5H3GDQ8HDJMHDT24FST5M
293,6/23/2021,01HFX5H3GDH5TJYKCTZ6AXVA1N
294,4/10/2022,01HFX5H3GD559J7W6C1G45SENG
295,2/28/2022,01HFX5H3GER60Q3ZZ540Y4K3Z9
296,5/14/2023,01HFX5H3GE0TZD1T41W5P1Z5XH
297,2/24/2023,01HFX5H3GER39A93BDGM6ZCF42
298,2/28/2022,01HFX5H3GEVJMX3D2404G36BFC
299,12/23/2022,01HFX5H3GFVYZ25Q34AWTZYGSF
300,8/4/2022,01HFX5H3GF1DYGXR9Q0RDHBWTJ
301,10/20/2021,01HFX5H3GFQQ1G9RNXSVJWK24B
302,8/21/2022,01HFX5H3GF3WY56ABJWBF7XJC4
303,9/2/2021,01HFX5H3GG83RZN7CPW030PH8R
304,9/12/2022,01HFX5H3GGM3YWBWWD4YM833QK
305,10/21/2021,01HFX5H3GGYMJG1453Z3CYKCPQ
306,9/27/2022,01HFX5H3GG2N66BDPC6C03VWVC
307,5/11/2023,01HFX5H3GHXQKPVWX66X0N2TYC
308,10/9/2022,01HFX5H3GHJTRG2TYR8MTT24W4
309,10/13/2021,01HFX5H3GHCJ87V4DN4QRKA7ZF
310,5/28/2022,01HFX5H3GHCS9HCM9YMNVYE73Q
311,9/22/2023,01HFX5H3GHVCNX72P8YNRQGY5Q
312,11/14/2021,01HFX5H3GJ57DXE781QV5R04SN
313,3/3/2022,01HFX5H3GJKV94BWRW1RZ3WM7M
314,10/1/2023,01HFX5H3GJQ2S059B1QVAHQBRE
315,6/28/2021,01HFX5H3GJE73PNX21BS9ADYMT
316,12/15/2021,01HFX5H3GJK0DB3AJ8K5125SWS
317,3/10/2022,01HFX5H3GK55KNJE45P4A1D99G
318,12/13/2022,01HFX5H3GK3JCTX9QT1QCX121K
319,10/28/2021,01HFX5H3GKAGY6YHWKSM51G44A
320,5/8/2021,01HFX5H3GKV6T6HAVQ7CRPB8Q2
321,6/20/2021,01HFX5H3GMKXV15M736H7G2PX1
322,9/14/2021,01HFX5H3GMCG5FQCYQ04T95RY1
323,6/27/2023,01HFX5H3GMWQ0GB3V31K2QZ6RE
324,6/9/2022,01HFX5H3GMF15YJD2X7EP4NSMQ
325,10/17/2022,01HFX5H3GN8028VQ7VCT5P048M
326,11/6/2021,01HFX5H3GNYHE6GSZBQQT6EXQ1
327,5/28/2021,01HFX5H3GNF4XG8FVP9Q0664ZH
328,5/13/2022,01HFX5H3GPY95BGD27CB7TWZ3V
329,7/18/2023,01HFX5H3GPBSH982HSXYRZSA4R
330,1/2/2022,01HFX5H3GPS2F358EBEGN7QXVX
331,9/3/2022,01HFX5H3GPQ5C42ZG8C452ZWNP
332,9/21/2023,01HFX5H3GQHE5BQ0GJ0ZZA72HV
333,10/10/2021,01HFX5H3GQFBPVMWXNYENK50K6
334,7/18/2023,01HFX5H3GQ3VGM2KGW57MM4CC6
335,12/17/2021,01HFX5H3GQ0TG8G48K1T93AARA
336,10/11/2023,01HFX5H3GRG2952WR86SFQDCP3
337,8/2/2023,01HFX5H3GRMJ7T1E9AYDMBMM06
338,4/22/2023,01HFX5H3GRRMB372FWY7X5REJ7
339,7/11/2023,01HFX5H3GRGZN991MB9S9H9DNT
340,2/9/2022,01HFX5H3GSM9W7JB6HWMA3CHBD
341,5/26/2021,01HFX5H3GSFNABF80XNXNPHV2X
342,8/14/2023,01HFX5H3GSP7FNZYH2XE6HCGGQ
343,2/14/2023,01HFX5H3GTDWF6WPSXQTHBF1A0
344,4/13/2022,01HFX5H3GTEE5K8TH894CM1QVA
345,10/17/2023,01HFX5H3GTWNE3GQ4D8GABHZVP
346,11/1/2023,01HFX5H3GVHBN0QAFKG4F8EQD8
347,1/8/2022,01HFX5H3GV2097R75ZJ8DZC21F
348,9/29/2023,01HFX5H3GVNNNBX19DDQM28MTG
349,11/28/2021,01HFX5H3GWA53KHH66KMPPVAZJ
350,9/14/2021,01HFX5H3GWGX5N2PST45Y08XRY
351,3/29/2022,01HFX5H3GXF6MJMAZK51ZSS8XS
352,5/29/2023,01HFX5H3GXF0M7J1G948ZNKQKM
353,10/28/2022,01HFX5H3GXK7GEFPREPR99AP42
354,3/19/2023,01HFX5H3GXPZFFPXCS8KFMSBCQ
355,8/9/2022,01HFX5H3GXPBV9V82ARCYHN5YD
356,12/4/2021,01HFX5H3GYEJ8M89NB68GW7ST7
357,6/17/2023,01HFX5H3GYY3J91G05CQ1RNS11
358,6/24/2023,01HFX5H3GYV7BJREGV8GK34DS2
359,9/14/2022,01HFX5H3GYCWZT8QGSX3DFG45C
360,6/13/2023,01HFX5H3GZ1G5A87YQ7TDZMM83
361,9/25/2022,01HFX5H3GZ8D1KKBB0515VNQXE
362,2/3/2023,01HFX5H3GZ3VYFECV42XVG506X
363,1/16/2022,01HFX5H3GZK8E8QNZP415E599D
364,7/6/2023,01HFX5H3H0SNE7WXFKGYKR73BA
365,7/12/2023,01HFX5H3H0SC7TR4G2736ZPREK
366,7/30/2023,01HFX5H3H05XXQA4ST63FD9KY2
367,10/4/2023,01HFX5H3H0SSGHXW3352XKMV2A
368,10/18/2023,01HFX5H3H1JTZBJA1BA54CSVFM
369,11/14/2022,01HFX5H3H16T403AC5VF948K44
370,5/22/2022,01HFX5H3H1WV9VA8WC48HYS055
371,3/18/2023,01HFX5H3H18NKR5S78MMDYDX0T
372,5/6/2023,01HFX5H3H2GX2DVZ3ZWFGFQ6AV
373,7/7/2023,01HFX5H3H20HN69Q1SY0QV4VZ0
374,6/12/2022,01HFX5H3H2JTP4WP1YTJTZCZHJ
375,11/10/2021,01HFX5H3H2RGKZJ07PV3Q508R6
376,12/8/2022,01HFX5H3H3EGJWGGN7FQJ7TV7W
377,3/4/2022,01HFX5H3H373Q48D87QCFKTGSD
378,10/9/2022,01HFX5H3H3MPCFE6E3WNXJY66Y
379,4/1/2023,01HFX5H3H3K1BK8E6NWRG6K0WB
380,5/22/2023,01HFX5H3H45WKVQM2SA68TZ255
381,6/21/2023,01HFX5H3H4NKEZY24VGK815G3P
382,6/29/2023,01HFX5H3H49QFF8PJY9GG32GR4
383,7/8/2023,01HFX5H3H4GKJ45DH7F7RNAPR7
384,10/24/2023,01HFX5H3H5SWVZ797E1J12134M
385,10/28/2022,01HFX5H3H5WM4NA25WTHGKXGR5
386,5/3/2021,01HFX5H3H59ZAQRGPEASC01WTT
387,5/10/2022,01HFX5H3H5JNJ0PA3B8MNV5QP2
388,9/30/2023,01HFX5H3H6E491E1XRHZX0XR8D
389,7/15/2022,01HFX5H3H69E4941NRCTW93WQ3
390,10/5/2022,01HFX5H3H637KF4RBPQ0X54D07
391,1/19/2022,01HFX5H3H6WSJWNZJ242TAX3T5
392,6/10/2021,01HFX5H3H73Z0WAZYBS7V13HMT
393,6/1/2021,01HFX5H3H7EJ59XZYRMXEJHESZ
394,4/6/2023,01HFX5H3H78RGV4GBXD6SQ7348
395,6/17/2021,01HFX5H3H7MSZN79C0J30QYM5W
396,8/27/2022,01HFX5H3H8YAF7JF17EWNB5H0M
397,9/3/2023,01HFX5H3H83D5DAT7YDFG99T15
398,12/24/2021,01HFX5H3H8SF1Y5FC7VKEWQCJB
399,5/15/2022,01HFX5H3H8DV1N985HEPVS2RX7
400,4/3/2023,01HFX5H3H9XA0RF2G800Y093DV
401,1/28/2022,01HFX5H3H9V8W5HE2BC4ZFMGY9
402,7/10/2022,01HFX5H3H9AQXJHATHEX2Y3VKC
403,5/3/2023,01HFX5H3H93WTKCGCGKB21G1QE
404,8/15/2023,01HFX5H3HAPHW1NX151KMC3YSY
405,4/19/2023,01HFX5H3HAHRH0FEKFJSPV6AEQ
406,7/24/2023,01HFX5H3HARF0WMB0Y8PBH8KCN
407,1/27/2022,01HFX5H3HAFZRBWY2JWEP128MW
408,9/15/2021,01HFX5H3HAE4M9K7NV15KZ2P24
409,4/1/2023,01HFX5H3HBSEBXYZQ45P4TH921
410,8/29/2022,01HFX5H3HBZPEZBEZ38DVZS0H4
411,1/13/2023,01HFX5H3HB1XD2DMJ40WJ1H8K5
412,7/7/2023,01HFX5H3HB9A9Q2BYKGTYV39A2
413,8/15/2023,01HFX5H3HC4CPD2SHHTZEB06KC
414,3/10/2022,01HFX5H3HCVER60V845KV5BVK9
415,1/14/2023,01HFX5H3HC4AH9SGKYHQW04TAF
416,3/8/2023,01HFX5H3HC0M6E043PGB1T3ZHR
417,6/9/2022,01HFX5H3HDR9WMAG2BJRAYW5TJ
418,9/1/2022,01HFX5H3HDZ2H655V6WACDEBG4
419,12/16/2021,01HFX5H3HDAW9PAZZEYQ2F58HW
420,9/29/2021,01HFX5H3HDCY1WVY1520YEFX09
421,6/27/2023,01HFX5H3HEW47F18YRFVZBNSBR
422,11/12/2023,01HFX5H3HEK5A4T762W0HGXG2H
423,11/3/2021,01HFX5H3HEK5MEY1A7Y05MDW94
424,3/26/2022,01HFX5H3HEAAKJV41GP1PKVDRD
425,9/1/2022,01HFX5H3HED39SPP47T4BS606M
426,8/12/2021,01HFX5H3HF2KHQK4CY3PVW5EJR
427,5/30/2022,01HFX5H3HFFKRAZGKK7FC31P4G
428,7/17/2022,01HFX5H3HFFH82XJGPJTS3Z0QB
429,4/16/2023,01HFX5H3HFMDDE8A3PTYXG2JC1
430,7/10/2022,01HFX5H3HF6GV3J1S3XREKTK5C
431,8/18/2021,01HFX5H3HGQ8KB6SYR0CZQ4WS2
432,12/5/2021,01HFX5H3HGDRZQV638EDKZWXAK
433,9/4/2023,01HFX5H3HGYKZKV7HXNZZ837QF
434,1/12/2022,01HFX5H3HG4023MQBA9E1W12M0
435,1/19/2022,01HFX5H3HGR7CAXZE4761PS0EZ
436,7/4/2022,01HFX5H3HH6SGTR4F8TCAV0PG4
437,7/5/2021,01HFX5H3HH4MM003B4BWSGC0CV
438,1/7/2022,01HFX5H3HHH8D33YYAQYZKZKQ4
439,4/22/2023,01HFX5H3HHW5B1ZF3WB7Q4J5AS
440,5/19/2022,01HFX5H3HJHSE0EP1GRJCJ6MA3
441,11/3/2021,01HFX5H3HJ7AVFK66TFNQS5MWY
442,9/10/2021,01HFX5H3HJ85MCW6E13D9AN7EW
443,9/16/2023,01HFX5H3HJHH5CJ48ZSEND90QF
444,10/16/2022,01HFX5H3HJY3FEAW9GJC5MKF67
445,9/12/2022,01HFX5H3HKGNG4XN0P6F0ER8TB
446,7/20/2021,01HFX5H3HKP2NQHQ82SK8SR948
447,11/22/2021,01HFX5H3HK268T1W0ES2GJR8N6
448,8/9/2022,01HFX5H3HKWRYZYCN9N5ZP882S
449,8/17/2021,01HFX5H3HKR5GSXFPBTPQZZQEY
450,4/27/2023,01HFX5H3HMZT9Z80JMZX2P6MQJ
451,10/31/2021,01HFX5H3HM8CHN9XDPQMZE2G4F
452,1/2/2023,01HFX5H3HMKR7KPZ33AZXK2P8Z
453,10/1/2022,01HFX5H3HMNK8PW382WT8Y3KW1
454,4/4/2022,01HFX5H3HN4G71JRBKXT0DZXDB
455,2/12/2022,01HFX5H3HNRP4JC9JXHE7R6N4V
456,11/15/2021,01HFX5H3HN33S5MB4FF2H7NB03
457,10/2/2022,01HFX5H3HN5RKPKPW5TQQ6Y2VQ
458,8/10/2023,01HFX5H3HN30CZ33WZP4ES4W1C
459,7/20/2023,01HFX5H3HPHSN41J9AQZASWC9N
460,8/25/2021,01HFX5H3HPEYCWM02SKNFW3CKN
461,1/20/2022,01HFX5H3HPR1DTARNNJBWK7SRC
462,8/17/2023,01HFX5H3HPZ6ACHH6RXK2AT88M
463,10/22/2021,01HFX5H3HQJV6E1PV3NR0C3F1M
464,6/22/2021,01HFX5H3HQ4N59Y0YR2Q14SV7G
465,8/19/2023,01HFX5H3HQ9YDYDX24K7948A78
466,6/28/2023,01HFX5H3HQ5GSZEGV9ZVVR2SD2
467,2/12/2022,01HFX5H3HR5NXWSK75ZEH855GD
468,11/2/2022,01HFX5H3HR11KZ8BHFAD4YB4TW
469,5/14/2022,01HFX5H3HRQDM1GW413XTRZGZS
470,6/1/2022,01HFX5H3HRJBY79MCV55ZS4K2D
471,9/28/2022,01HFX5H3HRGGSBC8SYG4SA2WD0
472,11/5/2022,01HFX5H3HSMG1HK9BDZAH89PGN
473,8/19/2023,01HFX5H3HSZHH8R6QNDHZTQGKF
474,3/16/2023,01HFX5H3HSTH2HZK281GDNVKNE
475,11/9/2022,01HFX5H3HTWAA6HC4XJMABQW14
476,8/23/2023,01HFX5H3HT3ZJVHA6BQ5CB80JB
477,7/13/2022,01HFX5H3HTH7YF16QJ4899TRYK
478,7/4/2022,01HFX5H3HTPPXF91VNW6CWC7FY
479,9/24/2022,01HFX5H3HTY760J41XFQTEAA6T
480,5/22/2022,01HFX5H3HV8ERK1H34NRY2NN2N
481,4/16/2023,01HFX5H3HVGN4HB26Z1XWX826H
482,1/23/2023,01HFX5H3HVG7TCQND9H52JS4ES
483,8/1/2022,01HFX5H3HVA9XFAHEP2KM51AVZ
484,5/1/2022,01HFX5H3HW8NMJE6J9N011J0T4
485,5/29/2023,01HFX5H3HWTDG5YNYJ2GYQQTG8
486,5/4/2022,01HFX5H3HWTFT0PS5Z8236V13N
487,8/4/2023,01HFX5H3HW4CZ6X73FX7R5EWM0
488,12/9/2021,01HFX5H3HX1PPBXM0Y271WSBNP
489,5/19/2023,01HFX5H3HX46MVAY0D9G65TQ2B
490,3/1/2022,01HFX5H3HX54AXSC20W1TMG4QN
491,6/14/2021,01HFX5H3HY37TWB17DDTFA5152
492,9/13/2021,01HFX5H3HY3P0K3YM1TSNJSHBV
493,6/12/2022,01HFX5H3HY7HE9TBBBY1PR89PC
494,5/17/2021,01HFX5H3HYS5N0J64GKWWRPXWD
495,7/7/2023,01HFX5H3HYPSJ2DSFPREKT95N1
496,3/29/2023,01HFX5H3HZSJNRZ7WSZXVN8K7S
497,11/29/2022,01HFX5H3HZQAAK6FXEKM9ZTRCC
498,8/6/2023,01HFX5H3HZYXSJ367DZE4YCGDV
499,11/29/2021,01HFX5H3HZJB1JQG2YV84QRMP8
500,8/16/2023,01HFX5H3HZ29WAZY8M8225YQ7T
501,6/5/2023,01HFX5H3J0012AC44XJP51BHQW
502,1/9/2023,01HFX5H3J030ECACY60AA6E638
503,12/5/2022,01HFX5H3J03JK7CXG843D1KFBC
504,2/22/2023,01HFX5H3J02ZXWTW7RTPWN882M
505,10/29/2022,01HFX5H3J1P5QPDDVGTSSMV92D
506,12/3/2021,01HFX5H3J1RHSX4KT7KRWEESRM
507,10/26/2022,01HFX5H3J1VH1EVJAAVZR1V9N7
508,7/26/2021,01HFX5H3J1BS0DP5T35QKF576N
509,5/16/2021,01HFX5H3J2F3XF36F16M4C516D
510,1/13/2023,01HFX5H3J26F1BVKW8SFYQRWAM
511,7/31/2022,01HFX5H3J23XE6GA301P935TK1
512,9/3/2021,01HFX5H3J2SQ3KJNX7K7V4H8Q9
513,11/3/2022,01HFX5H3J22CWEDCT52W972HDC
514,7/25/2023,01HFX5H3J3DSQ4H25HJB6A39W6
515,5/8/2022,01HFX5H3J38SHT3AJGWKG8QGCN
516,2/4/2023,01HFX5H3J3ZC8S13JR4FNQDX9C
517,11/1/2023,01HFX5H3J37VHM7MNW7HEM8XJE
518,12/20/2021,01HFX5H3J3RZEPSKEYR0HWMRSE
519,6/19/2021,01HFX5H3J40HN56VWVC29DFP5F
520,7/22/2022,01HFX5H3J4E2W9Q3QNGK7CT8B6
521,7/21/2023,01HFX5H3J4TZ3ZEE0NZ09DD398
522,3/5/2023,01HFX5H3J40BEB0VXG1A0TF0NB
523,9/14/2021,01HFX5H3J5KWWH09VKXXM347HA
524,5/17/2023,01HFX5H3J5BRTSVXMVMKFVWGXK
525,5/11/2023,01HFX5H3J5GC3TEWVV06V0ARKX
526,7/29/2023,01HFX5H3J5E8XTGXE3JKFJVTS2
527,11/4/2023,01HFX5H3J66XQW3KKCPPQPSFYE
528,9/27/2021,01HFX5H3J6Y0GMWH0RHAT21G1J
529,7/3/2023,01HFX5H3J6JWY9VHQCB7WVXDYP
530,6/26/2023,01HFX5H3J64WT3FWQ4HTHA5WHK
531,10/25/2023,01HFX5H3J6WD9W5YRBAH1Z55G5
532,5/30/2022,01HFX5H3J702062A7P64QQXVAC
533,7/24/2022,01HFX5H3J7AMP0A4KMNR9NPS8V
534,1/22/2022,01HFX5H3J7VZG874AE3V1CC4P6
535,11/7/2022,01HFX5H3J72031CMZAM5V8FY5B
536,9/12/2022,01HFX5H3J812BPEYHQ19V430T8
537,10/30/2021,01HFX5H3J8G0Z94XPAC67FZHSR
538,9/14/2021,01HFX5H3J855X7MTCHKYRMBPX2
539,8/10/2023,01HFX5H3J8C3SN33MACJHH4YAP
540,2/8/2023,01HFX5H3J87NGSJ93WTXCY4S55
541,11/14/2023,01HFX5H3J9VFAXA0TG4YXQYDR5
542,6/20/2023,01HFX5H3J93NZXZQACV6NWRJRV
543,8/14/2021,01HFX5H3J9X23362TSF6CM2DNE
544,10/5/2022,01HFX5H3J9AR2144P2RE4B4BJE
545,2/7/2023,01HFX5H3JA8SGSHWXN4J863CFF
546,8/27/2022,01HFX5H3JAAGS5QM0ZPT2SHP3Q
547,10/7/2022,01HFX5H3JACAZMPNE0P71SSZ1J
548,7/28/2023,01HFX5H3JAAWEV97XC823CMAH1
549,6/30/2023,01HFX5H3JBTCYEJFG0ZH621WTE
550,9/3/2022,01HFX5H3JB6EYHGHR0WZ9RE8NY
551,2/7/2023,01HFX5H3JBK9EAG2QMDH9XX42E
552,7/28/2023,01HFX5H3JC7BP29QAJ9GKJQV2Q
553,8/5/2022,01HFX5H3JCVAXKEP4ZDDPGMSGJ
554,3/9/2022,01HFX5H3JCY0KE6GQG4VETVFDM
555,12/19/2021,01HFX5H3JC5JZJEHN4W53HJV78
556,7/4/2023,01HFX5H3JCWW5W53ZWJY07XP5X
557,10/5/2021,01HFX5H3JD5SNFX7M2NVCVMHFH
558,12/25/2021,01HFX5H3JD3RDX7S822H882P2P
559,8/17/2022,01HFX5H3JD9PJ5WWMEDW274F8R
560,7/16/2023,01HFX5H3JDCFM7TD6Q9A1VKC49
561,3/16/2023,01HFX5H3JD83M5QCMP17GD11RS
562,9/9/2022,01HFX5H3JEG8H18SAGRW7348K4
563,1/22/2022,01HFX5H3JEVNV994S7GG9T38M8
564,3/9/2023,01HFX5H3JEFFQN0GHNWXETXT90
565,3/30/2023,01HFX5H3JEFP8WWBE539NE9C1W
566,6/27/2023,01HFX5H3JEN7DAEQD8MRKS7DAH
567,1/25/2022,01HFX5H3JFVXTXZSE25ATXBJRS
568,4/22/2022,01HFX5H3JF8CQVNBMBPWH9D4MV
569,12/8/2021,01HFX5H3JFEREE4AGA2YB1KSB7
570,4/13/2022,01HFX5H3JFXGAQTA4H10C6J5M9
571,2/21/2022,01HFX5H3JFGPNW5F0SBRV7C3QH
572,6/14/2023,01HFX5H3JGTDWT07Z0WK95BVJM
573,8/19/2023,01HFX5H3JG2Q0NHFDPVXCCAW43
574,10/27/2023,01HFX5H3JGYGSDR6R4X911RCQN
575,6/29/2021,01HFX5H3JG910N231P7DSVV0HR
576,10/21/2023,01HFX5H3JG85J7D2SJDX57DQ35
577,4/3/2023,01HFX5H3JHCM8B29TW2E78NGFF
578,1/12/2022,01HFX5H3JHYS73197A471E8FF2
579,8/6/2023,01HFX5H3JHTVHN60WTQN4AXXJJ
580,1/11/2022,01HFX5H3JH9NPWWW9QY93J5TVM
581,10/28/2023,01HFX5H3JJC2ZRY4PTHM3BTB30
582,11/4/2021,01HFX5H3JJH9Q3YX1GXR141JV9
583,3/20/2023,01HFX5H3JJFG3M7KZDF4DNDADF
584,12/24/2022,01HFX5H3JJGDGQZYKJNPTY29DN
585,12/11/2022,01HFX5H3JJGF4PT9PYF1N70HWZ
586,3/12/2023,01HFX5H3JKMQ7DJ0JS7268XHW0
587,8/21/2022,01HFX5H3JKMS7NK1Z6MQPDYTG2
588,7/11/2021,01HFX5H3JKP5DD8ZMNQ31FKSGQ
589,9/15/2023,01HFX5H3JK4E14MFH0AMGHBMNX
590,5/29/2023,01HFX5H3JKQZZ4ZN0BEXNSGQ1N
591,6/29/2022,01HFX5H3JMT9TDTG6WD8JRGG0H
592,6/12/2021,01HFX5H3JM6G69C6XKK77RRSSG
593,7/15/2023,01HFX5H3JMKEAMTF9KRQTTCDY8
594,7/18/2022,01HFX5H3JMNPSWR9E1GPJASQBK
595,5/23/2021,01HFX5H3JNFDYXTQ9N4JANV49B
596,5/20/2022,01HFX5H3JN90G61YMN14955P6C
597,10/13/2022,01HFX5H3JNQPXKFG3PSXFMATG6
598,7/29/2021,01HFX5H3JNN7258FP34GXM57V4
599,9/5/2023,01HFX5H3JPWN70D6GQ9MQYV3MC
600,7/23/2022,01HFX5H3JPWMD9VAQA2C8D354D
601,6/26/2023,01HFX5H3JPD2W72Z4GGPZEP6NW
602,10/16/2021,01HFX5H3JPENKZPSEJJRCT807H
603,10/14/2022,01HFX5H3JPGJFKSHZJ73WZYND8
604,1/1/2023,01HFX5H3JQHGSA8H21HEZ5QE78
605,11/10/2021,01HFX5H3JQH41WK9YYY5ANHWJK
606,7/4/2023,01HFX5H3JQ849VNP11Z6ZTHM31
607,6/7/2021,01HFX5H3JQ49174BZKG7P2CQRV
608,5/10/2023,01HFX5H3JRDQ4DGNWR3BZG03AX
609,6/6/2021,01HFX5H3JRT1800K3ZBBRXP2Q9
610,4/29/2023,01HFX5H3JRFF2DK9VF4X4T41J6
611,12/31/2021,01HFX5H3JRX3B420NXEMAMRTT0
612,12/14/2022,01HFX5H3JRAFVJ19X0F8JRBXR4
613,2/13/2023,01HFX5H3JSJ4T1AH703QSAVBF8
614,8/21/2022,01HFX5H3JS6HDBCT09EZW0G25H
615,9/26/2021,01HFX5H3JSMX8CPQ1QFGDT3VTD
616,10/6/2021,01HFX5H3JSKZCYSNMJ2K59B80D
617,3/5/2022,01HFX5H3JSDH8R5E5BP5HWDYHY
618,5/3/2023,01HFX5H3JTKTZET1QSFJY1BMT1
619,6/28/2022,01HFX5H3JT500FRT61S2JTH77R
620,8/30/2022,01HFX5H3JT1JK4ZF22YGZRTXRR
621,3/27/2022,01HFX5H3JT0Q3F29WJJ1FJY5MW
622,1/1/2022,01HFX5H3JVQ7B9ZSTM5SVSJSJG
623,4/8/2022,01HFX5H3JVX76G3ZNDR9NNM012
624,11/10/2021,01HFX5H3JV0XBKCAYTZRXMP3E1
625,10/9/2022,01HFX5H3JVMS6PDKA9ZM7KJ14A
626,12/26/2022,01HFX5H3JV2SCCWJTF2P62CNWQ
627,2/13/2023,01HFX5H3JWRCG9FMQ42S24DC69
628,7/11/2023,01HFX5H3JWXAN5CQ30ASRM0YQY
629,5/6/2021,01HFX5H3JW5XWY26F0JXGBFYA4
630,6/12/2022,01HFX5H3JWY5V74NFWNMCSY0YV
631,7/30/2021,01HFX5H3JWS8H3YCVPXTD2EVW5
632,9/6/2023,01HFX5H3JX79TPHZT90MG185P4
633,3/25/2022,01HFX5H3JX204E63S1PXQ9CDXR
634,3/9/2022,01HFX5H3JX4S2050TQN62GN9HT
635,10/9/2022,01HFX5H3JXJFB2K5CN9ZW5M6S6
636,7/10/2023,01HFX5H3JY4B0ZS1AG1RJE7490
637,5/29/2023,01HFX5H3JYK1SCMMAQ9Z3MAAY6
638,8/11/2021,01HFX5H3JY57S90BW8TCV5SRDP
639,2/24/2022,01HFX5H3JY4FSBBVS8413ZGDWD
640,5/12/2023,01HFX5H3JY53RAFQH7TFFJZM4Q
641,1/15/2022,01HFX5H3JZEE4J19X57Y1M6GAP
642,8/1/2022,01HFX5H3JZ4SNFFM0451CH17HZ
643,6/20/2021,01HFX5H3JZ675JZCXWXZ4J5R8G
644,9/2/2023,01HFX5H3JZM5WYW23YVV383XD2
645,7/11/2023,01HFX5H3JZZX1H0TD2EGJW0NNA
646,6/24/2021,01HFX5H3K0Y1TPWT3GBZMY3V6M
647,9/19/2021,01HFX5H3K0CMJRYQVRW332308G
648,7/23/2022,01HFX5H3K0ZCM8T5Z4W8YK13VK
649,10/10/2022,01HFX5H3K01GW98XEM417R75B4
650,2/25/2022,01HFX5H3K17QJTFFB5YW8S9MHG
651,3/4/2022,01HFX5H3K1PVW7RYS3A8R5FRMV
652,12/24/2021,01HFX5H3K10X9E5V8ZNZ3Z464W
653,8/18/2023,01HFX5H3K1N0W3ESWW2T50FJ07
654,8/25/2021,01HFX5H3K2QDJHZYJ7TAVAM523
655,4/23/2023,01HFX5H3K22CPES4DG1HKMHVWF
656,9/8/2021,01HFX5H3K2SBEH2TKBG8R94D0J
657,1/28/2023,01HFX5H3K227Q2F25CYGA9R9KK
658,9/20/2022,01HFX5H3K26C4PMQ5CE55KSNKW
659,9/20/2022,01HFX5H3K3WTFF3WXEHR9YK8M7
660,1/11/2023,01HFX5H3K3M6ZVC2FMP0ESJEJZ
661,8/26/2022,01HFX5H3K3AZ8DWH7E5AQ37Q48
662,4/27/2023,01HFX5H3K3KD5SZCJB5GKTP5AN
663,3/13/2023,01HFX5H3K3MCJ2D17MNV13M6BZ
664,11/18/2021,01HFX5H3K467QQCQGTJ0E0W2GM
665,5/4/2023,01HFX5H3K4E9XS211M4DBZMXKG
666,1/31/2023,01HFX5H3K4N0PHD6JJNR5EBTBS
667,3/26/2022,01HFX5H3K4WRVE721JB8HMNSRQ
668,10/6/2022,01HFX5H3K4SMY8TJZH0QNED9XB
669,9/23/2023,01HFX5H3K5DHBJTFNXFG7ASY54
670,5/13/2022,01HFX5H3K5G9Z2R8SN78QTGHW5
671,10/24/2021,01HFX5H3K5PREF9AP9VJN1JSXC
672,4/8/2022,01HFX5H3K5QRSPD9YHXQHNGWKA
673,1/12/2023,01HFX5H3K6GNA005XMD1WQXRD1
674,1/16/2023,01HFX5H3K6YE21EKPSGTKM5JPH
675,10/29/2022,01HFX5H3K68CMZTZHJTERPNMRN
676,6/29/2021,01HFX5H3K6MK623W3473FWBYDF
677,8/24/2021,01HFX5H3K6XH09CGDRVDZGDSKB
678,9/19/2021,01HFX5H3K7PBPKZ1Z408AKVCZ2
679,1/31/2023,01HFX5H3K7DH7VSCJRXADV79MR
680,9/2/2023,01HFX5H3K7NYZB5S4NKRQ4ZB1T
681,12/15/2021,01HFX5H3K786H08519HBYSS3X4
682,11/30/2022,01HFX5H3K71YQC3QT5AKA20WST
683,6/5/2022,01HFX5H3K8FR5AQ2CP200EJS1Y
684,8/18/2022,01HFX5H3K8RN04RZQXEFRZ354T
685,4/29/2023,01HFX5H3K86SQAGF266MBJ54ZY
686,12/31/2022,01HFX5H3K8VPK8N0VFS6D4SD2F
687,2/17/2022,01HFX5H3K9GE6KMBDE8HZNF7S5
688,10/9/2023,01HFX5H3K99CP0F50MTQ3XDKHY
689,7/14/2023,01HFX5H3K94AGX6R0B40FPSZ0E
690,12/28/2021,01HFX5H3K92EEF8508G3E47G4G
691,7/5/2023,01HFX5H3K98HAMTX0VZDTTHZQR
692,10/5/2022,01HFX5H3KA8Y4SZ001YHFMTJEH
693,5/3/2021,01HFX5H3KAXXY5066KEBRQSKY3
694,6/14/2023,01HFX5H3KAK6FCJH2Z7W90AST6
695,12/20/2022,01HFX5H3KAK0A4KYSZVR9M11TJ
696,10/15/2023,01HFX5H3KAETPF9C4REGBDHTWD
697,3/13/2023,01HFX5H3KBKV2EF2A13AJW7R2H
698,12/1/2022,01HFX5H3KB3QXY400S44EREA0A
699,2/22/2022,01HFX5H3KBD5C34FZGQRKJ6HS0
700,3/14/2023,01HFX5H3KBTGAY7J8QDC0G2X45
701,6/4/2021,01HFX5H3KC1D7FAK6V42MVSC82
702,4/12/2022,01HFX5H3KC2HC37M3XFA7DWF47
703,8/21/2021,01HFX5H3KC9GMKHSK6TAWYAGV1
704,1/2/2022,01HFX5H3KCPD0QR1G3FZGYPG9T
705,10/27/2022,01HFX5H3KC1VGPBVY653S9CKWQ
706,9/6/2021,01HFX5H3KD9E3JWSTSW3TC6ET9
707,11/21/2022,01HFX5H3KDJ2WMPXYG75T7N420
708,6/16/2021,01HFX5H3KDG2KKKSBKXHQ3AWVK
709,12/4/2021,01HFX5H3KEWQJJQFBZRBDZK3QR
710,12/22/2022,01HFX5H3KENM4VV35ZPH61NKD3
711,7/24/2023,01HFX5H3KEZ72D75GX6W0B86RH
712,4/29/2022,01HFX5H3KE5A4QHNHKF4ANSWMR
713,9/30/2021,01HFX5H3KEBGMYKXKSEV713BEE
714,7/27/2022,01HFX5H3KFAKNZJPTM7DN5QHMH
715,1/25/2023,01HFX5H3KFWMH1CDAY0K30EY8E
716,7/11/2023,01HFX5H3KFC7BX4E9SNZ32CBY1
717,9/12/2022,01HFX5H3KF7KK2R9WW777PYXCV
718,5/2/2023,01HFX5H3KGZA84F5BYXXHGDNT5
719,4/2/2022,01HFX5H3KGJCBVYSB04JZZM1PY
720,7/4/2023,01HFX5H3KGZ1A2RRHQ5Q11G0FS
721,8/25/2022,01HFX5H3KGQXR6Z11NHM10SHNJ
722,1/4/2023,01HFX5H3KG65PBDGVVH8KNWZEW
723,6/12/2023,01HFX5H3KH14JQ0X2WYZ50DJH4
724,3/9/2023,01HFX5H3KHGMGB7VZPC6QTBBZF
725,8/5/2022,01HFX5H3KHHC48AWF45R6P2202
726,1/22/2022,01HFX5H3KHVPDJX4062B6ADJ8V
727,2/28/2023,01HFX5H3KJ1REK9J0YGDJZ9ZR2
728,5/11/2023,01HFX5H3KJACGFAHJ6NZPRTJ3X
729,9/6/2023,01HFX5H3KJCGHSFT0Y6D2FDA9K
730,6/2/2022,01HFX5H3KKEYQ1X7KJT1GY42TZ
731,4/11/2022,01HFX5H3KK6EQYDEE8T4KCGZR3
732,1/11/2022,01HFX5H3KMY8F8NVQFYS5P19J3
733,3/24/2022,01HFX5H3KMAK1Q5GFEWVEX84FX
734,9/11/2023,01HFX5H3KMM451VJ0M84PKXDAV
735,3/25/2023,01HFX5H3KMFWN0EH090T0FJ8EY
736,5/20/2021,01HFX5H3KN4Y98W5E1SRGNGX0J
737,3/31/2023,01HFX5H3KN9SV8DSMFVRT3TE5K
738,11/14/2023,01HFX5H3KNH5031NFTQGZ2XACJ
739,4/13/2023,01HFX5H3KNTSFW8T9ZYDTYJ3BZ
740,7/15/2022,01HFX5H3KNND8K8D9G87QCCSBY
741,7/5/2023,01HFX5H3KP6R477QJ29XTNE0QJ
742,5/18/2023,01HFX5H3KPZZG87ZFMFCAWCBXN
743,11/2/2022,01HFX5H3KP53ANJE2G006TMYSQ
744,7/8/2022,01HFX5H3KPBKY9H9N1N15FX0W3
745,1/31/2023,01HFX5H3KP1Q5YET9VFXQC5D7D
746,6/16/2022,01HFX5H3KQAYYC9YBD7X77NGZX
747,10/5/2022,01HFX5H3KQ254A9ZXYR1PW1H93
748,10/17/2022,01HFX5H3KQVNDCJFBKPG6GCVSX
749,6/9/2023,01HFX5H3KQZYPHCQ2KX6BTAVX0
750,1/12/2022,01HFX5H3KQRS0R1VQMHRFG2024
751,12/26/2021,01HFX5H3KR4H9KK7S8HB1KVYWQ
752,9/25/2023,01HFX5H3KRD3X4EPPMQF0QF5GD
753,8/11/2021,01HFX5H3KRPCZZ2ENDNKZTDQ9M
754,10/15/2021,01HFX5H3KRJYTQ5383GXD7YDPT
755,6/15/2023,01HFX5H3KS9A0ZFQH26F6MQQ7T
756,3/25/2023,01HFX5H3KS96FC2RWC99RWGBG1
757,3/5/2022,01HFX5H3KSXGQXKJ5MW4DT3KVC
758,8/22/2021,01HFX5H3KSC9B1GGWCS6TR4368
759,8/14/2023,01HFX5H3KSR6MDXHAX0XAC2PWR
760,9/5/2021,01HFX5H3KTR2H8T8TEEMD5MKJJ
761,9/9/2022,01HFX5H3KTSY48545BTA00Y68B
762,10/7/2021,01HFX5H3KTJ637D4K64TKYBDK7
763,10/21/2023,01HFX5H3KT74GFVSDEKFQ74QVD
764,9/17/2021,01HFX5H3KT7HS7478A6ZAGEM36
765,1/17/2022,01HFX5H3KVYMST24B9M13Y6G60
766,10/20/2022,01HFX5H3KVTXA1E8CSG4710BWF
767,9/12/2021,01HFX5H3KVP1KXPTVBEPN5DW1B
768,8/19/2022,01HFX5H3KVSKRJHWYASKTWRJX7
769,6/13/2023,01HFX5H3KV27BWTQDEKK2XPEK4
770,6/20/2023,01HFX5H3KW37RGVHNE4F8VM6G2
771,5/5/2023,01HFX5H3KW0AYQ4ATDD12Y1V4B
772,10/2/2022,01HFX5H3KW57EHXYDPD4P42XM0
773,11/15/2021,01HFX5H3KW7BS4F959M2TCE7R2
774,8/5/2023,01HFX5H3KW6S7FHR92A6HJZGQQ
775,3/19/2023,01HFX5H3KX78N1MDSC6R4GR7T1
776,11/26/2022,01HFX5H3KXFFSG906A3493H895
777,8/30/2022,01HFX5H3KXVGHK75FFTHGVKTH5
778,11/2/2022,01HFX5H3KXPVWRK7SGWFX4K25P
779,2/14/2022,01HFX5H3KXF1TJ21Q1BE8R9GP9
780,10/27/2021,01HFX5H3KYKVYV2BH9KRF1VFR8
781,2/15/2022,01HFX5H3KYQAJT157JSQ8EB9FC
782,8/22/2023,01HFX5H3KYP10KDQVGCHFY1KYQ
783,11/15/2023,01HFX5H3KYXF3MKF233ZEN4K44
784,3/17/2023,01HFX5H3KYXGW6K7YSRP663B05
785,11/12/2021,01HFX5H3KZ9HM5GYKZR3BZ97MT
786,11/2/2022,01HFX5H3KZY095PBA50VX1XZ5C
787,7/20/2022,01HFX5H3KZ5YQ62CZGAVMKE59S
788,10/9/2022,01HFX5H3KZPMKJEK2FFFMXJC0F
789,5/14/2023,01HFX5H3M0TD9NGZ21SHYT4JSC
790,5/17/2023,01HFX5H3M0DSN1FJPHMA6PMRSZ
791,2/20/2022,01HFX5H3M000V401QQ1B7G0FND
792,9/30/2022,01HFX5H3M07FQ286RHFXRBCN1V
793,7/29/2022,01HFX5H3M0HARRFPPJ30H9P4WS
794,12/28/2022,01HFX5H3M164CZVNPYSDBM0MF9
795,9/6/2021,01HFX5H3M132277ER1JDP4QNGP
796,10/21/2022,01HFX5H3M1WGBEBES9G2QFT7X1
797,7/29/2021,01HFX5H3M1CE9HR3JZJWZX57JR
798,11/7/2021,01HFX5H3M2P4W4FQMYXA6CB96J
799,8/21/2023,01HFX5H3M2GP0NNAQXAE2AGN01
800,9/26/2021,01HFX5H3M2SYA3MWJ9ZD03QG01
801,8/14/2021,01HFX5H3M2N5C8AG1M7PFZMEKX
802,8/9/2021,01HFX5H3M251CJTPBE8DM1VHYA
803,12/8/2021,01HFX5H3M3SCT32205YC3X3JZK
804,12/20/2022,01HFX5H3M367PWJ5F28K4TKPRE
805,10/10/2023,01HFX5H3M3Q84NXXSD7D2KDCEP
806,11/4/2021,01HFX5H3M352Y42PPNJ3M8N8PC
807,4/13/2022,01HFX5H3M4W8DBR86BWQRZFJRC
808,7/15/2021,01HFX5H3M4N7Q1PRJ2S392BTH2
809,5/26/2022,01HFX5H3M4SAM9V25BM7FVPJ97
810,1/5/2023,01HFX5H3M4M1Z91NN9GAXS5SET
811,5/28/2023,01HFX5H3M4SY0T04ZDFEGN07XS
812,9/22/2022,01HFX5H3M5543V8N62RVV4GA0C
813,5/14/2022,01HFX5H3M5TB6ZB0HZMTGQXJTC
814,10/21/2022,01HFX5H3M5NNHWTQE2RF1YPMHS
815,11/7/2022,01HFX5H3M5WFEPTWBE5DMDP9GZ
816,8/26/2022,01HFX5H3M5N943SVPGR7BMHG82
817,8/7/2021,01HFX5H3M6K0MHSZFKQH2YTDR5
818,9/20/2023,01HFX5H3M6WNCDRFSNJ1XCQ2XR
819,3/3/2023,01HFX5H3M6GY0SPVT96FWBC66F
820,1/30/2022,01HFX5H3M6Z4MA2Y7XE2XDECJD
821,3/7/2022,01HFX5H3M7K3ESKBRDG25ERQBG
822,1/24/2022,01HFX5H3M77BJQH253HC0QMMXN
823,6/30/2021,01HFX5H3M7Z1VD2WQXE4RFJFFE
824,6/2/2022,01HFX5H3M705XG5WJ3FEAZ1C8Q
825,2/2/2023,01HFX5H3M7TDA6BA5MRTFZ47Q9
826,7/31/2021,01HFX5H3M8CN2JW2CRWHEAM2X3
827,10/30/2022,01HFX5H3M8AZ9RK4HGMD9EK882
828,5/4/2022,01HFX5H3M8CAPRNEM5Z37EQWJT
829,8/1/2022,01HFX5H3M8RD3J7E1AVABDM21R
830,8/27/2023,01HFX5H3M8Q235DVWJQN3BRFSH
831,4/10/2022,01HFX5H3M9KKJ2ZBPSFC3TJCB5
832,9/6/2022,01HFX5H3M99RCC5BD9S1JMQQWA
833,8/6/2021,01HFX5H3M9N1XF36T0JP7PYHM2
834,3/19/2023,01HFX5H3M9T6QG6VFC7XNAGWRC
835,10/11/2021,01HFX5H3M99G43R8HRTTMEDTPV
836,1/8/2022,01HFX5H3MAC7ZXY5350M06EHCG
837,8/15/2023,01HFX5H3MASZNDVZA48VKXJTQM
838,11/7/2022,01HFX5H3MAMA1KFQC1V1W59YCQ
839,11/30/2022,01HFX5H3MAT3S2WQ902VTGHHZC
840,12/19/2021,01HFX5H3MAWEJYDP88WG852Z3W
841,8/21/2023,01HFX5H3MBCNHFYW6TTYCJNVBX
842,9/23/2021,01HFX5H3MB9ZV6Q1K5W0X56A0A
843,9/6/2021,01HFX5H3MBPCE47DMBJ0XP2HF9
844,11/3/2023,01HFX5H3MBRPH1HY381Q8ND4YM
845,10/5/2021,01HFX5H3MCFVT9VZZ03D9DMNBB
846,8/27/2023,01HFX5H3MC2C7WE6HVPQHC23G9
847,5/28/2023,01HFX5H3MC3QFXYVFDBSC5PQQZ
848,6/19/2023,01HFX5H3MCQNNEK0PP02AD84ZH
849,12/14/2021,01HFX5H3MCEDD400MB47AFZTTE
850,7/25/2021,01HFX5H3MDFXP5SJ5EXKEK0000
851,5/31/2021,01HFX5H3MDAHBN3RH30DWNN00J
852,9/7/2023,01HFX5H3MDA8CMBRCQQZTFEVG7
853,7/19/2021,01HFX5H3MDJVVWKZRGG9NQG2R0
854,7/14/2023,01HFX5H3MDXVPDFACXYGGV555N
855,2/9/2022,01HFX5H3MEXD5611Z1H9VC9M2X
856,7/23/2021,01HFX5H3MEY3W5VNA1D87VZPQQ
857,5/4/2022,01HFX5H3MEJR4HNDX6AJAK0WRZ
858,10/17/2022,01HFX5H3MECSEJ9SFSBGBV9C1Q
859,12/21/2022,01HFX5H3ME8N9GVT01Z9VDADRT
860,11/7/2021,01HFX5H3MFQBS1YA0Q60YKX70Y
861,10/9/2023,01HFX5H3MFEQY5XQ47WP18WJXQ
862,11/18/2023,01HFX5H3MF2P5YPFBQT8ENQRDB
863,12/28/2022,01HFX5H3MF5Q1HXMDJR4TN8PCX
864,9/10/2022,01HFX5H3MFXNHW5AGW9SMKAW95
865,2/7/2022,01HFX5H3MGAYWVHCVB0KA333RR
866,11/6/2022,01HFX5H3MG1EEKSERM3F0C393J
867,9/11/2021,01HFX5H3MGE19W95VVW5MGXS1D
868,11/26/2021,01HFX5H3MGH7SV9DXMMCC3K5DB
869,7/2/2023,01HFX5H3MH1JTD4309WTG90NP6
870,3/22/2023,01HFX5H3MH9QBB7M0EPN393081
871,5/15/2022,01HFX5H3MHQS07WSBRA32FAQ0H
872,1/10/2023,01HFX5H3MHKHWTE4PRV5FQ2Q8M
873,11/17/2021,01HFX5H3MJ7AE1R2K9VB8BQJXY
874,8/18/2023,01HFX5H3MJD32N4793DQEM57HE
875,7/2/2023,01HFX5H3MJX77NHBMQDCFW1EGG
876,9/17/2021,01HFX5H3MJS8BEZGZBV9HKNC2X
877,8/26/2022,01HFX5H3MJD73F3SA2V6PV7K8W
878,9/12/2022,01HFX5H3MK3CHVFWHH7Z70PH4W
879,7/6/2021,01HFX5H3MK96HZ68VWDFR2F5DR
880,7/26/2022,01HFX5H3MKPY081S5G9BFDKY3C
881,5/23/2022,01HFX5H3MKWNS6MY42MDDDZ32Z
882,7/10/2023,01HFX5H3MKMG64ZE6XG3YCZDG3
883,10/7/2023,01HFX5H3MMSQZG1W0G671AN9HP
884,9/7/2022,01HFX5H3MMJ8JHRTAV19S5EBBN
885,7/17/2022,01HFX5H3MM3SZBG0E9N5QF31RW
886,7/25/2022,01HFX5H3MMAJ2XB5DG7WVV7RBD
887,3/9/2022,01HFX5H3MN8NK9VT3EAEWS5YNF
888,3/19/2022,01HFX5H3MN9R10RYXST4XKXA80
889,9/12/2021,01HFX5H3MNWKAFHWWHJ563TKMV
890,12/21/2021,01HFX5H3MN8S8WDN8PHP7R5NHN
891,9/7/2023,01HFX5H3MNK5E9XCQW78JTNQAY
892,12/28/2021,01HFX5H3MP6VXSXAHTDCSA1D13
893,8/28/2021,01HFX5H3MP4PJ9JVM6MCN5BYEW
894,7/25/2021,01HFX5H3MP3YQ9PZGE9KGXSJB7
895,8/18/2021,01HFX5H3MP2BEWTZMAA6JA0MXQ
896,1/9/2023,01HFX5H3MP5AQ0MZV57QDF8SYH
897,8/19/2023,01HFX5H3MQXSHBRHBFF3SBEJKG
898,5/6/2022,01HFX5H3MQ51RVWW2WD39DT68H
899,8/27/2022,01HFX5H3MQANNJGGX8RJHZFMSS
900,12/13/2021,01HFX5H3MQ6JP2YBFZGCEEVXJM
901,7/16/2022,01HFX5H3MQGBHJJVM7MQKAW0E7
902,4/5/2022,01HFX5H3MRDHKH5K9NC7KJ7N02
903,4/29/2022,01HFX5H3MRZTWWK91GXEJ503P6
904,8/14/2021,01HFX5H3MRDJC5S8S3AQZCS71R
905,10/2/2023,01HFX5H3MRNSYDDYHG02W1TRK1
906,11/18/2022,01HFX5H3MR4Y2M7XFWTMMEAH9T
907,12/3/2022,01HFX5H3MS3HY432HWMSDWCDZ1
908,7/21/2023,01HFX5H3MSRAE4FK3JS51PKX83
909,6/21/2021,01HFX5H3MSW35DZNM1R6YR61PM
910,8/3/2023,01HFX5H3MSVGAPWY1MBR79M0PS
911,12/28/2022,01HFX5H3MS3ND5WQ87RNTYXNCS
912,1/29/2022,01HFX5H3MTQY0FSFCYSSHQNC86
913,9/9/2023,01HFX5H3MTQRR5CDW3X65QS14M
914,12/1/2021,01HFX5H3MT9BF70B92XJHE0VSY
915,7/12/2023,01HFX5H3MT9XBNVERMZP240E0W
916,9/27/2022,01HFX5H3MTCVE8NGRGR81TFABA
917,12/14/2021,01HFX5H3MVB5VXHEK7TK8ZDJQE
918,5/11/2023,01HFX5H3MV778B2HTJDBVW65YH
919,5/14/2022,01HFX5H3MVSV08P7V9MQ9FGE09
920,8/24/2023,01HFX5H3MV5X8YD1FGRVZWBZ3W
921,4/5/2022,01HFX5H3MV18BYXGM4ET6QSVKK
922,5/17/2021,01HFX5H3MW3VJWS4B17VGEH2ZX
923,2/21/2022,01HFX5H3MWRT9NN4DJ1C2CE44Y
924,7/17/2023,01HFX5H3MWGG7BBC4EH4TAGQW5
925,2/6/2023,01HFX5H3MW01G8KNFE5RHDSCVA
926,8/10/2022,01HFX5H3MX4S6NHJ7SM72VR3RS
927,5/16/2021,01HFX5H3MX1EKES9PPW8TCRT1G
928,2/1/2022,01HFX5H3MXP0PHZ61PPQZ8RN2P
929,11/1/2022,01HFX5H3MYHYP1GGTWV1JR8TG1
930,10/2/2021,01HFX5H3MY2SSRQ5P118RRERQV
931,12/28/2022,01HFX5H3MYB6N6NGRRKQ5K3CAB
932,12/25/2022,01HFX5H3MY6TYCAXXKYC2N7ZQQ
933,10/13/2022,01HFX5H3MYMEBQ2235N53H6FT8
934,10/7/2021,01HFX5H3MZVX57H97Y9S2YMMP9
935,9/22/2023,01HFX5H3MZM6JH5YWKSKMWSQN0
936,8/15/2021,01HFX5H3MZ1VK0TY93C2TP8E76
937,2/14/2023,01HFX5H3MZYT4JCM5RRM7ZDXZ1
938,9/9/2022,01HFX5H3MZ610HZPZ6C26W6GVH
939,11/16/2021,01HFX5H3N0X4DHXKR7ZCP192F7
940,12/22/2021,01HFX5H3N05W61KQKPM52G1A17
941,4/3/2023,01HFX5H3N0HH48D9M82QEPNV81
942,5/20/2021,01HFX5H3N0SV3D8BJQ04SN8Q5Z
943,4/15/2023,01HFX5H3N0BCPWMR9K7N3P3MK2
944,10/14/2022,01HFX5H3N1E2AVQ9G855BKT9JX
945,7/8/2022,01HFX5H3N1B0XFCMNVDE7C3PKK
946,7/6/2021,01HFX5H3N1S14VG077QNYWFSMM
947,10/28/2023,01HFX5H3N1JX5TZD08RY3NZH3N
948,1/20/2022,01HFX5H3N2RQQG8V8TSQ3NS2KJ
949,4/9/2023,01HFX5H3N2FKN0JVRV97Q6JGHM
950,1/6/2023,01HFX5H3N2YSHHYK8P0N9JB27D
951,11/5/2021,01HFX5H3N20Y1SAV5YH403M5RH
952,7/27/2022,01HFX5H3N20JE812BC5C8TWX21
953,6/16/2023,01HFX5H3N3TNMNQKYDF71K0R8J
954,1/27/2023,01HFX5H3N3KSRYK5JQRFWW8GPJ
955,10/23/2022,01HFX5H3N3ZKZTD6BCJBG4SQX9
956,3/7/2023,01HFX5H3N3B4A22S4PYF58XWMG
957,8/13/2022,01HFX5H3N32HZW6AXK7W09Q72A
958,8/5/2021,01HFX5H3N4MXP0PE0Z4VKKWZ2J
959,7/13/2023,01HFX5H3N4WBK0EF7DFBD46CRV
960,5/9/2021,01HFX5H3N49MPTJ715ZNG0WXCR
961,1/2/2023,01HFX5H3N42KZA3Q5N8TFZRKHZ
962,7/13/2022,01HFX5H3N4YPX6J9DV7P7X071D
963,7/7/2023,01HFX5H3N5A2PW4X8S0PD76EC4
964,2/16/2022,01HFX5H3N5R67SK7AZS1XD83WG
965,12/8/2021,01HFX5H3N5QYVYXGX6QMPS3Z3V
966,8/30/2021,01HFX5H3N5R9JKFNCYY1D3QVA7
967,5/14/2021,01HFX5H3N5YXR8GYXSD67HKTS8
968,8/11/2021,01HFX5H3N6Z9SM79CD2FQ0XD2K
969,6/11/2021,01HFX5H3N69ED3R9W32D3Y2GTB
970,6/13/2021,01HFX5H3N6NMD8FAE4DMMNTD9R
971,8/15/2023,01HFX5H3N60EV6NK4A83ZPSD1R
972,8/30/2022,01HFX5H3N74Z5YYFXP9J3NMF3G
973,8/9/2023,01HFX5H3N73MARKTRC8SN64FTV
974,7/1/2021,01HFX5H3N7C4MAAR7H61YMWM33
975,1/17/2022,01HFX5H3N7MAZ4VH4X9ETH4AZJ
976,6/3/2023,01HFX5H3N7APVJTG4FR9B6SS17
977,7/25/2023,01HFX5H3N8B0NB5HD50J7KVPJ1
978,8/31/2023,01HFX5H3N8591SDKTCJ83SHXT1
979,5/22/2022,01HFX5H3N87P5JWJ5YP3QDG6X7
980,10/7/2021,01HFX5H3N82ZF4DQ37T41SW335
981,8/22/2023,01HFX5H3N89AACJ02VZXY54B11
982,2/17/2022,01HFX5H3N9M5JH5A5PA3DHC5D3
983,9/1/2021,01HFX5H3N93BD12JEP7TBKYQES
984,6/1/2022,01HFX5H3N90PQRDEV1AS8ME559
985,7/21/2022,01HFX5H3N9PZK5EKCSMB3KQ8CS
986,12/23/2021,01HFX5H3N9GXF0EC9HW9ATQVMD
987,11/4/2022,01HFX5H3NAFBPZJ6R7NB3XKGH4
988,12/21/2021,01HFX5H3NAHNXT7QD4R454Q8DR
989,8/2/2021,01HFX5H3NA8HNAC7NW7CM85B0K
990,6/12/2022,01HFX5H3NAMJSP3RKAB55E3CK7
991,6/25/2023,01HFX5H3NA66QXX11D0JRVPPKE
992,10/26/2021,01HFX5H3NB684XQKDS1MKKKB05
993,10/21/2021,01HFX5H3NBRYRYW93VS4GWTC4W
994,5/6/2022,01HFX5H3NBMG77KQPN6Q5GNVQH
995,1/13/2022,01HFX5H3NBTPNW6N81GQ1YE05E
996,10/12/2023,01HFX5H3NC0ZXCCT6RCCB38GGQ
997,9/22/2023,01HFX5H3NCHD7KE8T26S4BP1P9
998,4/21/2022,01HFX5H3NCTM1AAS8F9K1CDAW4
999,2/22/2022,01HFX5H3NC5ZGW664CJCHQDQEE
1000,1/20/2022,01HFX5H3NC0X052FRWRK03028F
